sld,childsld,links,ips,asns,prefix
google.com, 251, 240910, 195, 1, 22
yunjiasu-cdn.net, 6068, 210463, 5907, 21, 254
wpengine.com, 3963, 136400, 4072, 19, 153
eu-west-1.elb.amazonaws.com, 1946, 100265, 4476, 25, 83
us-east-1.elb.amazonaws.com, 4254, 199109, 10885, 31, 199
ourwebpic.com, 722, 113746, 772, 16, 71
edgecastcdn.net, 73, 79750, 383, 2, 12
cloudflare.com, 3, 78907, 34, 1, 8
incapdns.net, 35, 66882, 382, 7, 29
dynect.net, 1, 62760, 46, 2, 6
cloudflare.net, 17711, 1295505, 29893, 17, 105
akamaiedge.net, 158, 597533, 3396, 9, 38
anycast.me, 2667, 116024, 2207, 3, 20
kxcdn.com, 1547, 82120, 1235, 7, 17
jiashule.com, 1769, 79038, 2249, 28, 201
alikunlun.com, 964, 76647, 1155, 17, 134
d5nxst8fruw4z.cloudfront.net, 3331, 75660, 1619, 3, 14
ap-northeast-1.elb.amazonaws.com, 1308, 60343, 3105, 22, 71
d2t8dj4tr3q9od.cloudfront.net, 2363, 59807, 1316, 8, 29
cdntip.com, 1046, 59457, 1080, 10, 196
us-west-2.elb.amazonaws.com, 1031, 45877, 2570, 13, 71
ap-southeast-1.elb.amazonaws.com, 730, 44386, 1574, 5, 33
windows.net, 783, 28601, 740, 1, 14
netdna-cdn.com, 30, 55041, 240, 4, 107